OBJECTID,预测房价
1,5182.5293
2,5381.5596
3,5381.5596
4,5381.5596
5,5211.0234
6,5958.6675
7,9708.426
8,11050.084
10,12628.783
13,12855.943
15,13133.881
16,12206.092
18,12207.983
19,4112.1753
20,5381.5596
21,5381.5596
22,5381.5596
23,5381.5596
24,5381.5596
25,5381.5596
26,5381.5596
27,5381.5596
28,5381.5596
29,5381.5596
30,5381.5596
31,5381.5596
32,5080.772
33,4610.4814
34,4332.906
35,5381.5596
36,5018.5625
37,3487.9739
38,15697.386
42,17244.5
46,15706.494
49,12882.008
51,12971.288
54,13349.116
55,6570.9307
56,5381.5596
57,5381.5596
58,5381.5596
59,5381.5596
60,5381.5547
61,5007.87
62,4728.904
63,4910.815
64,5360.6895
65,5381.5596
66,5381.5596
67,5381.5596
68,5381.5596
69,5381.5596
70,5381.5596
71,5381.5596
72,5381.5596
73,5381.5596
74,5381.5596
75,4523.9155
76,5381.5596
77,4551.052
78,4139.231
79,4989.5986
80,15272.037
81,4777.129
82,5381.5596
83,3487.9739
84,3487.9739
85,12782.096
90,13304.558
99,13292.63
106,15130.35
109,12953.201
111,13021.1
112,4688.4243
113,5381.5596
114,5381.5596
115,5381.5596
116,5381.5596
117,5235.933
118,4464.0986
119,4129.9766
120,4132.632
121,4045.7183
122,4349.143
123,4989.636
124,5503.695
125,4573.2046
126,4616.4546
127,4221.909
128,5381.5596
129,5381.5596
130,5381.5596
131,5381.5596
132,5381.5596
133,5381.5596
134,5381.5596
135,5381.5596
136,5381.5596
137,5381.5596
138,13449.716
140,4614.8066
141,5381.5596
142,4057.7502
143,5283.623
144,3970.4084
145,4365.605
146,7732.2993
147,12909.038
148,5338.557
149,5381.5596
150,12588.453
153,12727.221
154,13339.311
159,13245.325
172,14240.77
183,13719.855
193,13632.905
195,3982.9817
196,4192.5815
197,5381.5596
198,5381.5596
199,4879.702
200,4249.409
201,4104.2607
202,4155.995
203,4786.572
204,4930.889
205,6345.727
206,5381.5596
207,5381.5596
208,5381.5596
209,4760.639
210,9391.188
211,4632.359
212,4838.1523
213,5381.5596
214,5381.5596
215,5381.5596
216,5381.5596
217,5381.5596
218,5381.5596
219,5381.5596
220,5381.5596
221,5381.5596
222,5381.5596
223,5381.5596
224,5381.5596
225,5381.5596
226,5381.5596
227,12863.467
230,12695.209
231,3980.2004
232,3487.9739
234,3489.3865
236,4376.975
237,14837.686
243,11269.186
246,5541.564
247,3954.5728
248,10003.94
249,15736.164
252,14089.939
255,3537.9548
258,12859.044
264,12889.351
268,10879.621
271,14421.656
275,13935.399
282,10275.164
286,4949.2993
287,5381.5596
288,4016.3787
289,4002.8115
290,4092.8906
291,4399.732
292,5087.9604
293,5381.5596
294,5394.653
295,5381.5596
296,5381.5596
297,5379.7676
298,4700.9434
299,4409.654
300,4392.1333
301,4352.3027
302,5242.78
303,5381.5596
304,5381.5596
305,5381.5596
306,12859.044
307,12859.044
308,12206.092
311,12206.092
314,3537.9548
316,3487.9739
319,3487.9739
320,3487.9739
321,3487.9739
322,3487.9739
323,5381.5596
324,5381.5596
325,5381.5596
326,5381.5596
327,5381.5596
328,12664.424
334,12870.367
337,13131.317
340,9236.903
346,14228.213
350,13568.307
354,6854.938
365,12123.653
376,11429.961
381,12565.448
384,15582.201
385,10342.644
391,3487.9739
398,3555.7637
403,9358.456
408,12980.832
412,14060.39
414,4486.5054
415,5381.5596
416,5331.175
417,4160.603
418,4164.5864
419,5455.2046
420,5130.3125
421,5381.5596
422,5666.2197
423,5238.578
424,4547.2173
425,4125.3735
426,4301.5005
427,6733.0474
428,4492.396
429,5324.919
430,5381.5596
431,5381.5596
432,5381.5596
433,3633.5586
434,3664.0144
436,12995.222
437,12859.044
443,12605.267
446,3487.9739
450,3487.9739
452,3487.9739
454,3487.9739
457,3487.9739
458,3487.9739
459,3487.9739
460,3487.9739
461,3487.9739
462,3487.9739
463,3487.9739
464,5381.5596
465,5381.5596
466,5381.5596
467,10480.429
475,4374.614
481,13336.584
487,12417.803
493,8341.013
496,5481.1733
500,3487.9739
509,10722.065
516,4796.7964
522,17703.021
529,13480.252
535,13578.506
540,14927.336
547,11339.751
555,13248.8545
559,13038.069
565,6599.72
567,5376.894
568,5381.5596
569,4922.7534
570,3968.2864
571,4853.525
572,6345.727
573,4975.401
574,4749.979
575,4935.7915
576,4001.7673
577,5623.659
578,4713.7437
579,5356.535
580,5381.5596
581,4598.2876
582,5381.5596
583,5381.5596
584,5381.5596
585,3487.9739
587,3487.9739
588,3487.9739
589,3487.9739
592,13177.102
597,8329.172
601,10243.624
607,13141.481
610,13144.613
613,12846.875
615,12817.182
618,12833.949
621,12749.162
623,11629.387
625,3651.174
626,3484.896
627,3487.9739
628,3487.9739
629,3487.9739
630,5381.5596
631,5381.5596
632,5381.5596
633,13728.023
639,14444.996
644,50321.992
650,53503.016
654,8044.577
657,13958.866
665,17965.996
670,15665.24
679,6865.539
683,14558.086
686,8329.172
687,5381.5596
688,5381.5596
689,5381.5596
690,4910.8315
691,4160.694
692,5100.865
693,3927.9104
694,5892.961
695,5715.3574
696,3955.9424
697,5229.125
698,5381.5596
699,5381.5596
700,5381.5596
701,5381.5596
702,5381.5596
703,5147.0264
704,12992.094
706,13547.005
710,12978.243
713,13097.725
715,12622.205
720,5703.4507
725,12504.327
732,12948.356
736,13073.667
742,12892.539
744,12521.496
747,12841.459
749,12988.732
752,12505.498
755,8652.657
756,11127.755
758,12407.592
761,12822.71
763,12886.505
765,13229.279
768,10284.378
770,3487.9739
771,5381.5596
772,5381.5596
773,14940.822
777,13483.777
779,17754.523
787,14788.183
794,15291.678
799,16643.514
803,14367.049
813,16793.63
824,15835.326
830,12224.531
834,8560.158
836,8285.411
837,5381.5596
838,5381.5596
839,5381.5596
840,5381.5596
841,5333.9595
842,5358.3574
843,5381.5596
844,5348.9453
845,5273.7017
846,4063.1633
847,5381.5596
848,5381.5596
849,8329.172
850,14634.804
853,12718.674
857,15513.911
860,14275.945
864,14217.274
868,10198.699
872,12716.575
874,12859.044
875,12776.852
880,13209.059
886,6086.499
891,3654.4578
895,8329.172
901,12151.934
902,12172.119
903,12031.07
904,12355.599
906,13304.8545
909,13130.665
913,13248.203
916,13247.604
920,12852.138
922,13071.027
924,13577.949
926,13537.025
928,13119.893
930,3471.6733
931,5381.5596
932,5381.5596
933,13363.843
934,20732.146
944,17120.775
953,15696.729
959,14959.66
972,17601.035
981,12999.852
991,12777.0
1000,3743.2227
1003,8329.172
1004,8329.172
1005,5381.5596
1006,5381.5596
1007,5381.5596
1008,5381.5596
1009,5381.5596
1010,5381.5596
1011,5381.5596
1012,5381.5596
1013,5381.5596
1014,6944.218
1015,12307.764
1018,11595.592
1021,7308.662
1024,14118.861
1028,12355.3
1033,16413.984
1038,16096.816
1042,13773.586
1046,12952.748
1051,3487.9739
1057,12859.044
1060,12909.67
1066,13481.67
1074,12394.385
1079,13225.569
1083,12826.162
1088,11672.284
1093,11319.008
1096,12651.772
1099,13035.014
1103,12983.193
1105,13042.515
1108,12980.684
1110,4772.733
1113,5022.777
1115,9107.391
1118,10528.477
1122,13178.367
1125,13069.848
1130,13077.316
1134,12587.296
1135,5381.5596
1136,12310.396
1141,16037.045
1146,13223.843
1153,13343.008
1160,19094.395
1168,18235.479
1175,8210.675
1185,12262.54
1194,13131.641
1201,9260.339
1207,8329.172
1208,8329.172
1209,5381.5596
1210,5381.5596
1211,5381.5596
1212,5381.5596
1213,5381.5596
1214,5381.5596
1215,5381.5596
1216,3487.9739
1217,9746.833
1219,14954.319
1222,15769.037
1229,12719.208
1234,12973.068
1236,5342.041
1238,12535.871
1240,3487.9739
1242,3487.9739
1246,12788.452
1248,13020.803
1253,12956.296
1257,12994.579
1261,13132.912
1263,13282.955
1266,12913.528
1271,4139.9565
1273,10550.464
1274,12655.595
1277,12720.875
1279,12758.183
1281,12798.993
1283,13040.731
1285,12982.036
1287,13050.28
1289,13083.203
1294,13142.483
1297,12379.088
1299,12877.356
1302,13006.506
1304,12206.092
1305,5381.5596
1306,13258.463
1313,5073.3423
1320,14955.3955
1328,13777.414
1332,20477.54
1337,10588.38
1344,6137.2104
1357,17050.26
1365,14288.831
1369,8357.31
1371,8329.172
1373,5381.5596
1374,5381.5596
1375,5381.5596
1376,5381.5596
1377,5381.5596
1378,5381.5596
1379,3487.9739
1380,13062.543
1384,15942.559
1388,14471.555
1393,16799.21
1397,16131.298
1403,12070.355
1411,12203.043
1414,12959.344
1418,3607.9495
1421,12398.781
1425,12790.146
1427,3487.9739
1431,12859.044
1434,12522.028
1440,13520.852
1445,12622.73
1452,11660.293
1457,8443.796
1462,12914.748
1467,13139.714
1471,13244.292
1473,12620.363
1476,12809.128
1478,12243.793
1479,12061.492
1481,11779.921
1484,12411.565
1487,12898.769
1489,13023.145
1491,12972.596
1493,12206.092
1494,12206.092
1496,13012.487
1498,12833.2295
1499,5381.5596
1500,5381.5596
1501,16292.734
1507,12995.736
1522,25121.303
1526,15792.703
1532,15592.845
1538,15807.07
1547,11885.592
1557,13376.338
1565,13452.05
1568,8329.172
1569,5381.5596
1570,5381.5596
1571,5381.5596
1572,5381.5596
1573,5381.5596
1574,5381.5596
1575,9923.637
1577,14929.543
1582,14493.211
1589,12897.027
1593,18889.02
1600,16971.998
1604,17230.248
1605,13808.576
1606,12538.15
1609,3526.632
1613,3487.9739
1618,12614.004
1622,12668.084
1626,12612.396
1629,12648.603
1634,7504.1875
1640,3724.3013
1642,3537.9548
1648,12032.675
1653,8317.148
1658,4057.6445
1663,12103.164
1668,12061.492
1670,12124.033
1672,12871.23
1674,13147.165
1676,13156.615
1679,13204.059
1682,12881.914
1686,12234.347
1687,12151.509
1688,13124.97
1690,12206.238
1691,12061.492
1693,12863.522
1696,13010.896
1698,12206.092
1699,5381.5596
1700,13636.11
1705,5913.6094
1712,11501.904
1718,9184.924
1726,10700.117
1736,13857.196
1745,15165.575
1752,12356.709
1754,8329.172
1755,5381.5596
1756,5381.5596
1757,5381.5596
1758,5381.5596
1759,5381.5596
1760,8783.849
1761,14728.078
1764,14884.939
1770,16435.41
1777,14926.808
1785,15379.499
1790,14110.408
1797,15784.772
1801,14883.678
1806,13176.127
1809,13858.006
1814,11510.17
1821,12284.574
1826,12859.044
1830,12859.044
1833,12526.57
1836,12859.044
1838,3487.9739
1840,11022.527
1846,10821.265
1851,10461.807
1860,11606.502
1866,3487.9739
1872,3505.663
1876,12206.092
1878,12206.092
1879,12206.092
1881,12175.602
1883,12206.092
1885,12061.492
1887,12967.777
1889,12845.685
1891,13148.989
1893,13110.737
1895,13131.406
1898,13547.316
1900,12230.3955
1901,12206.092
1903,13073.779
1905,12515.65
1906,12905.947
1907,3944.9739
1908,14065.659
1912,12972.369
1913,11198.367
1914,8813.401
1917,7043.0728
1919,14128.746
1921,15666.957
1927,16862.146
1952,10052.981
1960,4930.4185
1964,15575.838
1969,15933.3
1976,15049.416
1985,16263.183
1987,12744.386
1988,4204.849
1989,5366.6416
1990,5381.5596
1991,5381.5596
1992,5374.483
1993,12649.45
1997,20944.143
2005,14153.124
2014,16788.482
2018,17784.795
2024,13124.313
2028,15239.111
2036,18380.23
2044,17004.447
2052,13020.016
2060,12451.488
2062,14771.203
2065,12838.825
2070,12649.514
2076,11507.191
2081,10769.961
2084,3562.14
2089,3487.9739
2091,3487.9739
2095,3537.9548
2100,3495.2297
2107,10895.862
2113,11839.715
2117,12206.092
2123,3562.14
2128,12206.092
2134,12206.092
2136,12061.492
2137,12206.092
2138,12206.092
2139,12241.153
2141,12876.626
2147,12840.654
2149,12206.092
2150,12061.492
2151,12305.33
2152,13007.463
2154,11998.771
2158,13223.703
2161,13012.825
2167,13012.23
2170,12983.691
2172,5374.389
2173,13466.158
2174,4766.2847
2175,14001.435
2176,13424.266
2180,14133.2
2182,13496.717
2185,14389.665
2188,13990.208
2191,14778.807
2199,12497.14
2206,16831.06
2210,16940.457
2213,16670.26
2217,16738.957
2221,12618.461
2229,14248.08
2234,13635.26
2245,11599.754
2254,15255.965
2260,12425.781
2271,15137.563
2275,5381.5596
2276,5381.5596
2277,4705.877
2278,4054.9724
2279,4970.8984
2280,8822.335
2281,15374.6875
2285,16110.8125
2295,16860.846
2307,16538.135
2314,17334.875
2321,19356.256
2330,13865.883
2336,16756.25
2342,13913.673
2348,6606.9062
2353,10896.883
2358,12032.675
2364,9314.682
2368,3562.2512
2371,3487.9739
2374,3487.9739
2380,3487.9739
2385,3562.14
2390,3529.8171
2395,12706.75
2400,12175.602
2405,8241.649
2411,3487.9739
2414,12206.092
2417,12206.092
2420,12206.092
2421,12206.092
2422,13031.32
2424,12675.609
2434,3487.9739
2437,3487.9739
2438,5381.5596
2439,5381.5596
2440,6507.9956
2442,14356.699
2447,13003.909
2450,12855.451
2453,13017.182
2455,12859.773
2456,12859.044
2457,5381.5596
2458,4575.8687
2459,13110.217
2462,14538.295
2467,14363.141
2468,13415.35
2472,14139.158
2475,9546.339
2480,15658.936
2483,52923.47
2484,27226.242
2488,15174.131
2495,16912.062
2498,19970.135
2506,13116.064
2515,15070.203
2529,20157.064
2539,16028.3125
2548,13355.521
2549,5381.5596
2550,5381.5596
2551,5381.5596
2552,5181.7886
2553,11115.402
2554,13061.558
2559,19145.436
2568,19178.75
2576,14643.496
2585,11450.101
2593,14367.146
2607,13043.901
2614,11933.562
2620,13161.521
2622,5912.516
2627,5219.046
2631,6886.8096
2636,12916.41
2640,12437.074
2644,3487.9739
2646,3487.9739
2649,3487.9739
2652,3487.9739
2656,6261.361
2660,7906.5127
2664,8241.649
2668,3487.9739
2671,3487.9739
2675,12206.092
2679,12206.092
2682,12200.842
2684,13181.196
2685,3487.9739
2691,3487.9739
2697,3487.9739
2699,5880.031
2700,5337.4917
2701,3973.7737
2702,13001.795
2706,12859.044
2707,12859.044
2709,13013.2
2711,12981.855
2712,12859.044
2713,5381.5596
2714,7397.09
2717,6916.2783
2721,13045.207
2723,15622.907
2726,13387.699
2732,13237.694
2736,15650.006
2742,13030.373
2749,14175.047
2754,12390.017
2761,13584.186
2766,9691.433
2776,13732.314
2784,12332.817
2791,17971.81
2796,17052.973
2809,18574.861
2812,15639.905
2821,19926.945
2822,5381.5596
2823,5381.5596
2824,5381.5596
2825,5381.5596
2826,3698.971
2827,12965.554
2832,18868.229
2844,13295.08
2852,16807.873
2866,12607.167
2881,16619.365
2893,15532.602
2906,10252.413
2917,13933.525
2922,12535.119
2928,13001.164
2931,13461.053
2934,11923.593
2937,14395.072
2941,12943.112
2945,13051.059
2951,8432.898
2958,3487.9739
2965,3562.14
2969,3487.9739
2972,3505.663
2977,9996.666
2983,11159.257
2992,3487.9739
2996,3487.9739
2999,3537.9548
3002,3487.9739
3004,13013.402
3006,13233.799
3010,9129.187
3012,5381.5596
3013,3487.9739
3016,3710.927
3020,3487.9739
3023,9500.296
3024,12931.104
3025,12872.176
3029,12831.957
3031,12859.044
3035,7600.861
3039,13863.159
3041,8592.1045
3043,3500.6868
3045,5381.5596
3046,42028.004
3050,20188.139
3054,12095.26
3059,11575.757
3065,7070.5767
3070,6112.3647
3077,13305.91
3082,12994.364
3091,77551.35
3098,48837.656
3104,17085.771
3113,6328.4604
3120,11088.617
3129,17570.814
3133,4172.1626
3134,5381.5596
3135,5381.5596
3136,5381.5596
3137,12971.164
3141,4554.9004
3147,18046.23
3152,12220.252
3158,15632.447
3164,11784.691
3172,11564.526
3179,15798.227
3182,12490.867
3183,14717.652
3186,14368.518
3190,13413.17
3192,13723.123
3196,12206.092
3199,12861.703
3202,12061.492
3211,3487.9739
3215,3521.0063
3220,3487.9739
3226,3537.9548
3230,3484.1638
3234,8579.961
3240,3536.678
3248,4512.3755
3255,8329.172
3259,3537.9548
3262,3605.7437
3267,8911.122
3273,3487.9739
3276,5381.5596
3277,3487.9739
3280,12855.156
3285,12968.537
3288,9121.615
3292,12716.575
3296,12624.524
3299,12875.065
3301,12788.452
3303,12968.359
3304,15481.027
3307,3705.756
3308,3457.1228
3309,5381.5596
3310,13395.662
3314,12398.0205
3318,13641.95
3324,11103.205
3332,163650.22
3340,43396.94
3349,10452.075
3356,12683.557
3362,15351.837
3368,16570.943
3372,14773.049
3374,5371.815
3375,5381.5596
3376,5381.5596
3377,14892.598
3380,20490.33
3385,10056.314
3390,13408.523
3398,13202.686
3405,14132.875
3411,13799.211
3415,14156.654
3420,13478.363
3423,19844.271
3426,16508.709
3428,12614.947
3430,11850.655
3433,8958.177
3435,12859.044
3438,3487.9739
3443,3537.9548
3449,12859.044
3455,3537.9548
3458,3487.9739
3460,3537.9548
3465,12686.507
3472,8207.531
3479,15736.425
3485,17440.172
3496,13735.931
3505,3487.9739
3510,10151.339
3516,3487.9739
3522,5381.5596
3523,5381.5596
3524,12788.452
3526,12919.385
3530,12845.516
3532,12859.044
3534,12788.452
3535,13079.795
3538,3505.663
3543,3487.9739
3546,12919.978
3549,8258.074
3550,3487.9739
3551,5381.5596
3552,5381.5596
3553,14401.22
3556,13238.184
3560,13114.258
3563,16124.109
3570,13953.723
3577,12883.619
3583,6013.6694
3597,15567.909
3607,14971.67
3614,10428.538
3626,13590.706
3636,17518.68
3646,4694.776
3647,4021.7034
3648,4845.8896
3649,9419.393
3651,18534.545
3655,16160.749
3659,17697.979
3665,16472.504
3671,13152.067
3676,8814.346
3679,12438.067
3682,8329.172
3685,14672.951
3688,14203.1875
3690,24092.254
3692,12143.005
3695,11710.012
3697,12211.948
3700,8284.072
3703,3608.1042
3709,3560.6658
3716,12859.044
3719,3587.9346
3723,3487.9739
3727,3587.9346
3733,3790.669
3740,10185.437
3746,13785.789
3752,16473.043
3762,13292.081
3771,12858.672
3779,12367.361
3785,12014.083
3792,12920.428
3797,12716.575
3798,12716.575
3802,12933.316
3806,3487.9739
3807,5381.5596
3808,12859.044
3810,6925.69
3811,4237.5576
3816,3487.9739
3819,5815.9575
3822,14468.914
3825,3487.9739
3826,3487.9739
3827,5381.5596
3828,12734.791
3831,12980.888
3832,13215.525
3836,13701.996
3838,12796.326
3841,13354.532
3850,15458.478
3857,17531.404
3861,17287.857
3868,16986.416
3877,17943.008
3885,17074.963
3889,12115.907
3890,5381.5596
3891,5299.501
3892,14311.338
3894,12924.023
3899,9608.2705
3903,14289.431
3907,16014.968
3912,16562.959
3917,13677.654
3923,4692.9565
3930,13065.85
3937,12290.12
3942,13173.867
3944,15179.868
3947,12055.791
3948,12855.748
3951,17775.736
3954,19658.78
3959,15950.119
3964,16130.786
3968,10794.086
3973,12690.893
3981,12206.092
3989,3562.14
3995,3537.9548
4000,3487.9739
4003,3487.9739
4010,6379.854
4014,12821.159
4020,10099.123
4025,12206.092
4027,12217.647
4030,12934.202
4034,13171.141
4042,12016.013
4051,13032.462
4058,13799.425
4064,16425.36
4069,13005.994
4072,13002.661
4074,3487.9739
4076,3487.9739
4078,3487.9739
4079,3494.0715
4081,9056.808
4089,3487.9739
4095,3476.9668
4097,15150.853
4099,12976.7295
4101,12859.044
4103,5381.5596
4104,5381.5596
4105,13078.73
4109,12806.957
4113,12777.562
4116,13031.289
4118,12488.403
4120,13006.643
4124,13135.788
4126,14223.145
4128,13816.193
4135,16226.214
4140,15163.251
4149,13241.582
4156,14562.117
4166,15693.439
4172,14358.308
4175,17209.857
4180,13173.965
4183,16660.053
4186,5381.5596
4187,5381.5596
4188,12859.888
4189,10188.264
4194,13551.0205
4199,21137.697
4208,8848.252
4211,14290.871
4216,14713.043
4220,8384.67
4228,15642.713
4230,9559.93
4232,14856.104
4233,13673.442
4234,4875.53
4235,16735.285
4236,12234.588
4237,13925.3125
4239,13026.481
4243,13379.176
4248,11143.732
4259,12733.309
4269,3587.9346
4277,3682.462
4281,9244.037
4289,13649.581
4295,12017.094
4301,12956.997
4308,3958.1575
4315,3487.9739
4317,3487.9739
4319,3487.9739
4320,3608.1042
4321,3537.9548
4324,12918.816
4328,3487.9739
4330,3487.9739
4331,4226.5044
4333,15863.52
4336,15040.041
4338,3453.6104
4340,3487.9739
4342,3487.9739
4343,3487.9739
4344,13004.207
4350,3487.9739
4356,12788.452
4360,12919.605
4365,13001.494
4367,13013.402
4368,5381.5596
4369,5381.5596
4370,8324.024
4371,4908.796
4374,12809.887
4377,12552.307
4379,13071.141
4380,12745.209
4383,12173.238
4388,52459.934
4391,11432.905
4394,12963.405
4397,13207.235
4398,12254.931
4400,16987.764
4406,12167.465
4412,11824.681
4418,13682.341
4420,13430.172
4428,13115.867
4436,8903.105
4437,5381.5596
4438,5381.5596
4439,15282.34
4443,13068.79
4451,16581.912
4459,9201.092
4462,16043.887
4467,11287.723
4470,24194.738
4477,7445.189
4481,6891.904
4483,4875.53
4484,12206.092
4485,5381.5596
4486,5381.5596
4487,6891.904
4489,8058.3667
4492,17063.623
4498,14296.671
4504,13053.138
4507,11332.762
4511,9314.186
4517,8734.994
4527,14238.061
4533,12886.812
4539,7174.2554
4547,12963.948
4549,13003.874
4553,4441.598
4558,12973.616
4562,3707.498
4563,9301.164
4565,3487.9739
4566,3633.5586
4569,17486.205
4573,13200.435
4576,5381.5596
4577,5381.5596
4578,12779.856
4581,14145.2295
4587,6695.9175
4591,12960.2295
4596,8232.953
4598,5223.519
4599,9647.101
4604,3637.9146
4610,12918.816
4617,12844.142
4620,13027.086
4621,12939.78
4622,12859.044
4623,5381.5596
4624,5381.5596
4625,15115.7
4627,11447.996
4632,3487.9739
4634,12206.092
4635,13231.153
4636,3951.176
4639,12148.8
4644,6213.713
4649,75876.86
4653,12156.186
4655,14779.516
4656,4353.06
4657,15345.84
4661,13492.422
4665,18237.396
4668,12907.245
4669,14966.227
4680,13799.713
4689,15614.335
4694,25560.303
4707,16735.266
4708,5381.5596
4709,5381.5596
4710,11341.144
4711,12841.072
4716,16916.555
4722,14541.039
4727,8329.172
4728,5381.5596
4729,5381.5596
4730,5381.5596
4731,5381.5596
4732,3505.663
4733,8241.649
4736,16056.178
4740,17421.459
4743,17273.537
4746,13714.031
4748,12941.413
4752,12024.933
4756,12970.693
4760,12859.044
4766,15327.58
4777,13549.648
4783,3707.1165
4786,12292.096
4788,5141.1567
4791,13246.541
4796,4293.9424
4797,8489.74
4800,9625.995
4805,6891.3784
4808,10515.863
4813,9179.729
4815,5381.5596
4816,3487.9739
4817,3487.9739
4819,12402.732
4821,13249.13
4824,12856.371
4826,3459.9128
4828,9921.279
4832,13075.502
4834,3526.8335
4839,3487.9739
4847,3487.9739
4848,9973.905
4851,10195.452
4853,3487.9739
4855,3487.9739
4856,5381.5596
4857,4897.907
4858,13102.091
4860,13003.332
4863,3452.0112
4864,13220.267
4866,4345.1504
4869,12555.112
4872,13234.452
4875,10249.9
4878,5283.2173
4880,13222.42
4882,13875.524
4885,13127.828
4888,13460.616
4889,14213.11
4890,15776.726
4891,3487.9739
4893,3487.9739
4894,13325.872
4896,13539.799
4907,13402.0625
4909,17532.521
4913,4486.112
4914,5326.4736
4915,16560.531
4916,15715.534
4919,16711.824
4924,18614.238
4925,5303.3047
4926,5153.045
4927,5381.5596
4928,5381.5596
4929,5381.5596
4930,5381.5596
4931,5381.5596
4932,11185.861
4935,15499.705
4939,12828.157
4941,11419.459
4943,11044.09
4945,13545.342
4948,5433.568
4951,12485.963
4954,12898.929
4957,12917.1045
4964,13621.172
4973,13419.429
4977,12951.89
4980,4670.68
4985,13123.203
4989,3487.9739
4990,3487.9739
4993,3487.9739
4995,3505.663
4996,4973.1665
4997,4067.5403
4998,4019.6934
4999,3774.0295
5000,3487.6326
5001,4025.7856
5002,5381.5596
5003,5381.5596
5004,5381.5596
5005,3479.1248
5006,13008.053
5011,12931.644
5012,3487.9739
5015,3487.9739
5016,3476.3481
5017,10571.6045
5019,3487.9739
5021,3487.9739
5023,5381.5596
5024,5381.5596
5025,4872.2544
5026,12956.754
5028,13799.857
5030,13617.3545
5032,13061.395
5035,13023.86
5036,12656.916
5039,13181.259
5041,12846.985
5042,13335.915
5044,12770.27
5047,12558.074
5051,14506.973
5055,12691.511
5057,13202.609
5060,12809.912
5063,10715.642
5065,12844.336
5067,4249.4326
5068,17467.576
5073,17027.135
5087,8296.842
5091,4661.613
5092,3933.899
5093,30666.162
5098,12820.723
5104,21926.404
5107,19650.773
5110,15597.568
5111,5051.218
5112,11847.295
5113,4922.11
5114,5381.5596
5115,5381.5596
5116,5381.5596
5117,9595.697
5120,14656.593
5125,15190.153
5129,8329.172
5130,7875.568
5131,13931.015
5133,13104.762
5135,11531.839
5141,11107.836
5152,17519.572
5162,12574.981
5170,8329.172
5174,3487.9739
5175,4475.1606
5176,3537.9548
5178,3487.9739
5179,3487.9739
5180,5381.5596
5181,5381.5596
5182,5381.5596
5183,5381.5596
5184,5126.1714
5185,8972.796
5186,14160.573
5187,13584.026
5188,5381.5596
5189,5381.5596
5190,5559.189
5191,12833.787
5192,13057.967
5196,4347.424
5198,5381.5596
5199,5381.5596
5200,5381.5596
5201,5004.591
5202,3487.9739
5204,3487.9739
5205,3487.9739
5206,5381.5596
5207,4722.401
5208,3990.7522
5209,13598.17
5210,13043.8125
5211,13580.211
5212,13544.477
5213,13507.69
5214,13586.3
5216,12640.617
5217,13219.091
5219,13208.946
5221,13019.9
5223,13190.844
5226,14409.959
5229,19491.115
5233,15994.253
5235,13094.68
5237,5327.848
5238,5381.5596
5239,12873.982
5241,18681.36
5246,15228.371
5251,12845.805
5253,14259.271
5254,19397.674
5258,18443.22
5260,16728.791
5261,5381.5596
5262,10491.359
5263,4957.2627
5264,5381.5596
5265,5381.5596
5266,4682.461
5267,5867.3276
5272,11073.705
5275,14206.893
5276,12234.588
5278,8102.608
5280,13289.272
5282,9507.646
5283,13072.523
5287,7567.3906
5292,13084.549
5296,14099.529
5300,7800.165
5302,8329.172
5303,5381.5596
5304,5381.5596
5305,5381.5596
5306,5381.5596
5307,5381.5596
5308,3487.9739
5309,5381.5596
5310,5381.5596
5311,5381.5596
5312,5381.5596
5313,8329.172
5314,13261.356
5316,13589.916
5317,12773.646
5318,4034.992
5319,6437.7104
5320,15128.578
5323,13643.574
5326,13131.904
5330,13184.289
5334,5321.8223
5335,3487.9739
5337,3487.9739
5340,3487.9739
5342,3487.9739
5345,3487.9739
5348,5381.5596
5349,5381.5596
5350,4648.8496
5351,13545.629
5352,13559.855
5353,13594.414
5354,9444.885
5356,12064.288
5358,12728.698
5362,25518.654
5365,12547.879
5368,13029.898
5371,13667.443
5374,13465.077
5378,13608.146
5388,21446.652
5399,15407.617
5400,5381.5596
5401,9127.967
5402,14896.002
5406,16494.227
5408,5178.402
5409,5381.5596
5410,5381.5596
5411,10310.6
5412,17193.684
5413,15146.405
5414,5381.5596
5415,5381.5596
5416,3855.033
5417,16434.486
5418,4341.139
5419,5381.5596
5420,5381.5596
5421,13144.6
5425,13299.93
5428,5381.5596
5429,9157.434
5430,9179.585
5432,11978.182
5436,11497.607
5438,13124.972
5442,12172.119
5445,5381.5596
5446,5381.5596
5447,5381.5596
5448,5381.5596
5449,5381.5596
5450,5381.5596
5451,5381.5596
5452,12206.092
5455,3689.7434
5461,3562.14
5466,3599.0754
5467,9314.411
5470,3487.9739
5471,5381.5596
5472,8329.172
5473,12363.002
5475,3473.869
5477,4259.505
5479,13462.544
5481,13224.137
5483,6604.6597
5485,3544.8464
5487,12897.174
5488,13189.203
5490,13001.4795
5491,10374.535
5494,4915.759
5499,12206.092
5503,12206.092
5506,3487.9739
5507,3487.9739
5508,5381.5596
5509,5381.5596
5510,4431.455
5511,9879.953
5512,13435.447
5515,13547.961
5517,12385.94
5519,13079.277
5522,13873.767
5525,13748.709
5531,11435.762
5533,11140.183
5536,8635.803
5540,7831.1807
5542,5740.2036
5544,10698.051
5552,13657.734
5558,13193.006
5560,13035.7
5564,13519.213
5567,4797.332
5568,5297.6064
5569,5381.5596
5570,4867.4907
5571,5381.3335
5572,4571.242
5573,3933.6587
5574,13188.196
5575,15092.395
5578,16916.838
5581,18536.088
5584,17234.018
5585,5381.5596
5586,5381.5596
5587,5381.5596
5588,5256.0537
5589,12207.012
5590,5000.8457
5591,12932.274
5592,12746.628
5595,12323.288
5598,11099.136
5602,8329.172
5604,8329.172
5607,15703.854
5610,12945.293
5614,13180.754
5619,12581.081
5620,12302.557
5621,5256.956
5622,4630.432
5623,4742.0586
5624,4654.4453
5625,5794.211
5626,3487.9739
5627,12936.501
5631,13186.742
5637,13444.761
5641,13290.63
5647,13057.653
5650,5381.5596
5651,5381.5596
5652,13222.795
5653,3608.1042
5655,3487.9739
5657,13148.648
5660,13099.45
5663,13191.504
5665,12692.793
5667,12859.044
5668,12859.044
5669,13042.191
5670,13004.609
5671,13075.699
5675,13192.1875
5677,13077.799
5679,3487.9739
5682,3487.9739
5683,3487.9739
5684,5381.5596
5685,5381.5596
5686,13321.716
5687,10718.806
5690,7509.816
5694,5442.7617
5698,7727.0015
5702,12076.446
5707,12543.027
5712,12796.88
5715,13842.361
5720,8020.9663
5724,3487.9739
5725,12175.602
5727,5445.2744
5730,5665.215
5734,16385.43
5738,13583.31
5743,12882.254
5746,12719.103
5747,13726.137
5750,13538.849
5751,17351.262
5753,13372.877
5755,13229.953
5760,14618.973
5764,15444.122
5765,5381.5596
5766,5378.007
5767,8050.139
5769,13261.0205
5771,15127.3125
5774,22428.568
5779,17027.941
5781,16047.765
5784,21767.76
5785,4833.1313
5786,5381.5596
5787,5381.5596
5788,5381.5596
5789,5381.5596
5790,4473.882
5791,7918.2856
5792,4127.7446
5793,5381.5596
5794,5394.653
5795,6505.0884
5798,3487.9739
5799,16283.087
5801,16771.238
5803,10623.723
5806,13787.613
5814,12050.891
5817,13223.087
5821,12630.322
5823,13487.593
5824,13534.74
5825,4260.465
5826,4127.3306
5827,3974.2808
5828,13293.996
5832,17153.346
5842,16483.986
5848,19255.729
5852,13352.508
5855,8058.3667
5856,13173.677
5859,12957.961
5863,13202.357
5866,13265.742
5869,13133.723
5870,12882.143
5871,13078.0
5873,12908.689
5876,10462.345
5878,12980.463
5879,12894.622
5880,13103.111
5882,13056.962
5884,13113.983
5885,5902.4395
5888,3487.9739
5890,3487.9739
5891,8329.172
5893,5381.5596
5894,5381.5596
5895,5381.5596
5896,5156.4595
5897,7601.9897
5899,13317.277
5903,12862.496
5906,13189.939
5908,12759.447
5912,11714.705
5919,10375.283
5924,10367.4375
5930,6921.736
5936,12871.535
5937,12788.452
5938,12859.044
5939,7925.745
5941,9316.753
5944,16334.971
5948,18127.777
5956,13195.756
5961,16457.186
5962,21015.998
5967,16820.854
5972,17201.4
5977,18338.924
5980,4873.312
5981,5381.5596
5982,17581.848
5988,16455.936
5998,23186.451
6003,17959.791
6007,22822.041
6009,19274.58
6013,16914.078
6018,16478.678
6020,16195.0625
6021,5381.5596
6022,5381.5596
6023,5381.5596
6024,5381.5596
6025,5381.5596
6026,5201.8696
6027,14780.033
6028,17029.12
6029,17147.002
6030,16551.824
6031,5381.5596
6032,5381.5596
6033,4875.53
6034,14178.331
6036,14298.174
6038,13220.23
6043,13378.213
6046,13277.503
6049,12577.271
6053,13889.315
6058,14152.059
6062,12425.352
6064,5559.189
6065,5381.5596
6066,12206.092
6067,7324.316
6074,15709.363
6079,13849.043
6086,16195.878
6094,13656.539
6100,13309.305
6103,13611.783
6106,14087.995
6110,12938.857
6113,12438.273
6114,12206.092
6115,12206.83
6116,12867.458
6117,13126.036
6118,14738.853
6120,11420.908
6121,7689.849
6123,8615.945
6125,13003.877
6126,13175.848
6128,12989.366
6130,13007.934
6134,12941.618
6138,8329.172
6140,8329.172
6142,8329.172
6143,8265.358
6144,5381.5596
6145,5381.5596
6146,5381.5596
6147,5381.5596
6148,3979.1125
6149,6431.433
6150,14608.435
6153,13485.901
6157,12946.967
6161,13678.942
6166,10895.52
6169,12703.182
6174,12657.84
6178,13182.991
6181,13560.018
6183,9564.421
6184,11426.86
6187,12426.837
6195,9597.333
6199,16590.893
6200,14409.794
6204,18025.072
6210,13906.514
6218,15184.505
6220,3948.2664
6221,17210.852
6222,20300.111
6223,11330.148
6226,13818.202
6227,5381.5596
6228,5381.5596
6229,5381.5596
6230,5381.5596
6231,5381.5596
6232,5381.5596
6233,5381.5596
6234,16143.461
6235,18078.809
6237,17240.111
6241,16844.418
6244,17179.053
6246,16361.359
6247,17672.545
6248,13744.407
6249,4633.7915
6250,5381.5596
6251,9977.26
6254,13812.107
6258,13956.624
6263,10930.784
6266,8797.763
6268,5381.5596
6269,5381.5596
6270,5381.5596
6271,5381.5596
6272,13533.596
6278,12260.207
6284,13390.083
6288,12193.105
6289,13049.965
6291,13095.875
6296,12738.238
6298,3487.9739
6301,12320.512
6302,13060.359
6303,13187.459
6304,6256.3315
6306,3487.9739
6307,3487.9739
6308,3479.3635
6309,14766.499
6311,14503.68
6315,12965.081
6317,12998.582
6318,13019.951
6320,7394.232
6323,10845.682
6325,10894.961
6326,12901.961
6327,4560.4077
6328,3974.782
6329,4570.7554
6330,4802.7188
6331,13121.35
6333,9790.239
6336,9421.8
6338,12494.407
6340,11923.904
6344,8507.201
6346,11205.179
6348,12695.157
6352,12917.212
6356,13174.679
6358,13145.645
6362,8023.3853
6366,17435.281
6369,8329.332
6370,13717.554
6377,13016.11
6379,13328.219
6380,16259.309
6381,17573.135
6388,20842.78
6395,5381.5596
6396,5378.522
6397,22194.877
6404,19109.291
6406,15164.045
6407,13530.924
6408,5381.5596
6409,5381.5596
6410,5381.5596
6411,5381.5596
6412,5325.6616
6413,4197.5674
6414,20019.658
6416,15912.066
6421,13360.435
6427,15423.73
6432,17332.648
6434,16595.326
6435,5381.5596
6436,5381.5596
6437,4314.654
6438,3766.2334
6439,3505.663
6441,13852.815
6444,14493.596
6449,12019.766
6451,5381.5596
6452,5381.5596
6453,5381.5596
6454,5430.8804
6455,7379.306
6456,12859.044
6457,3537.9548
6459,13420.549
6463,11616.966
6466,14630.823
6470,13882.132
6474,12262.821
6478,10682.889
6481,8579.736
6484,13080.262
6485,12675.758
6486,12206.092
6487,5381.5596
6488,5381.5596
6489,3487.9739
6490,3487.9739
6491,10721.461
6492,5381.5596
6493,5166.798
6494,7291.116
6497,14783.924
6502,11443.944
6508,13061.664
6515,14274.172
6522,14318.491
6525,14137.271
6527,4220.632
6528,3940.9744
6529,4323.177
6530,12956.553
6531,13356.627
6534,13562.302
6536,13060.314
6538,13530.61
6544,10062.277
6546,11902.9375
6547,13177.645
6548,12749.252
6549,15631.762
6551,7048.6665
6554,13573.115
6557,5381.5596
6558,5381.5596
6559,5430.8804
6560,5374.612
6561,15561.375
6562,16516.795
6563,16839.654
6564,16160.969
6568,5381.5596
6569,5312.3955
6570,17696.705
6573,19986.85
6580,23051.432
6583,23671.412
6587,17812.785
6589,5381.5596
6590,5381.5596
6591,5381.5596
6592,5381.5596
6593,6696.017
6594,16585.63
6595,16981.564
6597,17702.846
6600,16523.33
6606,18983.55
6614,16167.635
6616,13118.66
6617,5381.5596
6618,5381.5596
6619,5381.5596
6620,5381.5596
6621,5435.0747
6622,6994.1206
6623,13072.093
6627,12079.975
6631,8329.172
6632,5381.5596
6633,5381.5596
6634,13617.365
6637,12213.8545
6640,12859.044
6641,12859.044
6645,12859.044
6649,12676.038
6652,14028.763
6657,9101.227
6661,3989.3123
6665,14069.912
6669,13818.09
6672,12512.865
6673,12206.092
6674,5381.5596
6675,5381.5596
6676,5381.5596
6677,5381.5596
6678,5381.5596
6679,4429.4414
6680,3483.2751
6681,11745.236
6682,4881.122
6683,5001.905
6684,13029.483
6686,10946.244
6689,3481.952
6692,11426.02
6695,13129.619
6699,13116.742
6705,11886.219
6709,12100.942
6711,5171.268
6712,5381.5596
6713,5381.5596
6714,5381.5596
6715,5381.5596
6716,12961.414
6718,13020.135
6721,5764.2603
6722,12995.711
6723,12872.566
6727,12965.166
6728,13250.392
6729,4432.781
6730,7737.7056
6732,13834.872
6736,11956.111
6742,14244.242
6746,13990.408
6750,12655.099
6753,13466.773
6754,15415.77
6755,15572.66
6756,14230.593
6757,4298.928
6758,4860.8125
6759,14189.812
6760,18778.54
6763,17720.42
6765,17357.818
6771,4751.514
6772,5381.5596
6773,12869.129
6774,15544.519
6779,27801.213
6783,25256.504
6785,19975.895
6787,18769.096
6789,13663.596
6792,13074.393
6794,13979.376
6799,13523.333
6803,6993.2974
6805,3887.3171
6806,12061.666
6807,4954.6724
6808,17266.51
6811,17518.121
6815,13100.443
6821,16328.553
6826,5381.5596
6827,5381.5596
6828,5381.5596
6829,5381.5596
6830,5381.5596
6831,11475.519
6832,14982.998
6837,13119.712
6843,3487.9739
6846,3487.9739
6847,5381.5596
6848,13227.416
6849,13381.961
6850,4482.385
6851,6542.2275
6855,6602.427
6861,13049.32
6866,13171.482
6871,12874.491
6879,13002.563
6885,4215.6284
6888,5798.81
6889,4461.9775
6890,5381.5596
6891,5381.5596
6892,5381.5596
6893,5381.5596
6894,5381.5596
6895,5381.5596
6896,5381.5596
6897,6212.9375
6898,4040.8176
6899,4327.4336
6900,4151.178
6901,4259.528
6903,3505.791
6904,4567.2656
6905,6439.639
6907,13179.2
6910,12755.885
6914,13581.02
6919,9985.049
6921,11199.197
6922,4363.1924
6923,5381.5596
6924,5381.5596
6925,5179.661
6927,10241.057
6930,14507.922
6932,13535.897
6933,15453.896
6934,12979.379
6935,12778.36
6936,13090.516
6938,12978.513
6940,13783.92
6942,12433.875
6945,16228.267
6951,17726.39
6956,15526.271
6958,22626.04
6961,19098.436
6963,15975.806
6965,14547.773
6967,18806.482
6971,16460.602
6974,18524.986
6980,9266.7705
6981,4251.06
6982,3994.8284
6983,12881.09
6985,13585.84
6991,16825.764
6994,18523.873
7000,23022.562
7007,16023.946
7012,13195.792
7015,13254.019
7016,18113.225
7024,13524.069
7032,16196.947
7042,16925.465
7048,5350.6294
7049,8924.36
7050,13227.252
7055,6147.1323
7058,13183.279
7062,12995.219
7071,15086.236
7072,17768.15
7073,16366.833
7074,7758.597
7075,8329.172
7076,5381.5596
7077,13007.963
7081,13211.898
7085,12078.032
7088,3487.9739
7090,5381.5596
7091,3660.1401
7093,13933.155
7095,12948.058
7101,3524.189
7109,3803.5024
7112,13036.911
7115,13146.606
7121,13312.418
7127,13121.494
7131,8329.172
7132,9215.856
7133,13141.709
7134,5381.5596
7135,5351.5347
7136,5381.5596
7137,5381.5596
7138,5381.5596
7139,4599.751
7140,4863.5703
7141,5381.5596
7142,5381.5596
7143,5381.5596
7144,5381.5596
7145,4935.8413
7146,7792.803
7147,12759.287
7150,13015.115
7152,13107.323
7157,12966.565
7160,5355.5957
7161,5691.653
7162,4445.8774
7163,4543.5273
7164,3453.7637
7165,3486.6147
7167,5566.9805
7170,13039.793
7171,4070.6729
7172,4277.0396
7173,13143.392
7174,10871.297
7176,15638.162
7180,13948.783
7182,13465.006
7184,13517.843
7188,13347.502
7191,14352.121
7197,16656.281
7204,15871.89
7207,10760.129
7209,13966.752
7217,11372.497
7221,5381.5596
7222,5381.5596
7223,5062.251
7224,12993.832
7225,14956.627
7232,16791.783
7233,17362.01
7239,24223.885
7244,13624.585
7247,13192.167
7251,15059.663
7254,14073.807
7261,16463.846
7267,17138.133
7271,16564.541
7275,12669.344
7280,5091.5005
7282,13509.721
7284,12206.092
7285,13184.542
7286,16007.954
7287,16980.314
7288,16780.709
7289,16153.033
7290,15870.51
7291,14348.6
7292,13126.065
7296,12533.795
7298,12851.168
7302,11652.91
7304,12668.889
7306,13143.456
7308,13193.696
7310,13145.068
7314,13187.672
7319,13166.234
7321,13244.859
7325,12482.477
7328,12930.279
7331,13793.656
7337,11296.162
7340,10092.471
7342,13597.047
7345,4057.3967
7346,4310.7285
7347,5381.5596
7348,5381.5596
7349,5381.5596
7350,5381.5596
7351,11162.074
7353,12838.328
7356,13070.375
7360,13225.441
7366,13278.404
7368,11944.678
7369,7107.2583
7370,5941.3247
7371,10008.256
7372,4152.203
7373,13174.503
7374,13052.775
7375,16569.234
7376,13845.84
7381,14539.89
7382,9704.105
7383,13314.775
7385,13338.859
7393,12910.714
7398,14479.744
7406,13600.03
7410,12571.321
7415,3720.09
7419,5381.5596
7420,5381.5596
7421,5381.5596
7422,5381.5596
7423,9106.892
7426,18770.889
7434,17990.76
7442,15483.777
7446,29919.541
7449,13534.313
7452,13428.429
7456,13025.39
7459,17476.633
7464,13884.832
7466,12794.732
7468,12671.259
7471,12965.419
7473,15314.834
7475,8693.914
7476,12667.155
7477,17103.03
7478,13600.319
7479,14130.281
7481,3531.7986
7483,13600.488
7487,12892.743
7491,10995.834
7498,12521.605
7501,12873.406
7502,12425.668
7503,13026.008
7504,13080.932
7505,13191.938
7506,12890.625
7507,12879.549
7509,12206.092
7512,12023.21
7517,14427.673
7521,16378.254
7526,16089.786
7531,16266.002
7535,12788.043
7536,5099.792
7537,4253.4136
7539,13033.056
7544,13014.259
7547,12971.677
7549,12874.279
7552,9145.121
7554,4308.5854
7555,7645.6216
7556,12860.779
7557,6168.035
7558,4938.8164
7559,10531.427
7560,15047.92
7564,14446.969
7568,14192.485
7573,12894.221
7579,17525.062
7587,13535.0625
7593,12790.219
7597,16870.58
7601,14379.619
7609,12921.994
7613,3487.9739
7614,5381.5596
7615,5381.5596
7616,5381.5596
7617,8329.172
7619,10750.959
7630,13127.657
7643,25741.42
7647,26876.746
7649,22310.627
7651,17128.947
7657,18284.115
7660,12622.568
7662,12943.904
7665,18043.49
7667,17479.521
7669,17528.623
7672,15557.371
7675,14227.969
7678,16675.63
7682,13432.114
7684,13189.227
7686,15512.398
7689,13423.729
7693,11111.865
7698,3751.2537
7702,12895.73
7706,13035.57
7710,13027.976
7713,13228.681
7715,13460.929
7717,13487.174
7719,13584.895
7721,13450.298
7723,13115.15
7726,13087.334
7730,13049.58
7734,13923.308
7737,13510.818
7742,13267.032
7748,13668.954
7753,13874.013
7755,4539.183
7756,12905.951
7759,13133.482
7762,12565.055
7764,13126.194
7767,13107.79
7770,12110.538
7772,4419.604
7773,3963.5066
7774,6578.39
7775,7935.863
7776,4804.9604
7777,15163.108
7778,15399.229
7779,14120.4795
7784,15695.263
7789,14899.518
7797,13812.186
7803,14207.811
7809,14714.953
7815,14462.483
7822,11437.465
7826,5381.5596
7827,5381.5596
7828,5381.5596
7829,5381.5596
7830,8329.172
7831,10465.231
7836,14173.032
7847,18305.428
7856,17015.584
7858,18587.854
7861,13074.035
7863,13210.977
7866,15747.592
7872,23530.28
7877,36360.85
7879,18990.47
7883,17473.648
7888,16686.115
7892,17656.352
7896,13166.576
7897,13162.249
7898,12573.826
7899,12869.92
7901,12243.482
7906,12709.012
7910,11905.523
7917,10261.865
7922,13579.997
7924,13975.448
7925,14297.488
7926,13615.694
7927,8329.172
7928,12982.885
7931,13104.076
7933,13155.704
7936,13081.869
7937,13811.639
7939,12206.092
7942,3463.0671
7944,14640.803
7946,4472.9507
7947,11035.48
7948,11480.978
7949,13128.013
7951,13141.486
7952,12861.581
7953,12022.099
7954,15733.569
7957,13701.475
7959,4010.625
7960,4391.5474
7961,5169.9863
7962,12458.627
7963,5380.5103
7964,15975.428
7965,16497.514
7969,13139.889
7974,15349.48
7977,16659.354
7981,16181.768
7988,13798.273
7995,14771.306
8003,16037.944
8008,13541.717
8012,13294.391
8016,13372.963
8020,3474.2588
8021,5381.5596
8022,5381.5596
8023,5381.5596
8024,5381.5596
8025,13120.32
8027,13101.306
8041,12010.994
8054,16944.709
8062,17108.986
8071,14679.211
8076,16132.484
8077,17356.033
8081,16840.223
8085,18214.557
8088,17412.783
8091,20003.768
8093,16429.607
8096,14397.012
8101,12836.898
8105,12994.986
8111,10362.935
8117,4593.142
8124,12895.297
8129,13063.603
8131,13314.559
8132,16969.34
8135,14611.873
8139,13097.477
8141,13602.25
8143,13180.997
8146,13174.599
8147,5280.7744
8148,13036.861
8149,4109.658
8150,3988.606
8151,4607.6396
8152,10364.595
8153,10733.617
8154,13775.598
8157,3973.7502
8160,12872.3125
8162,13265.728
8164,13160.8125
8167,13185.066
8168,3969.0745
8169,4420.5767
8170,4367.964
8171,7590.3813
8172,5112.793
8173,4627.259
8174,4398.996
8175,14992.773
8178,15515.317
8183,15993.519
8190,16964.14
8195,13097.293
8196,12882.923
8200,13456.469
8205,14148.118
8214,13895.148
8220,13752.068
8223,13599.199
8225,13737.179
8228,3467.4023
8229,5381.5596
8230,5381.5596
8231,5381.5596
8232,5381.5596
8233,7245.322
8236,10988.5205
8242,9790.514
8252,16383.201
8269,17856.822
8274,17175.652
8282,18182.494
8291,16847.729
8295,16287.173
8298,19067.326
8302,13273.855
8306,8428.456
8310,3487.9739
8312,12654.341
8315,6966.4307
8320,10628.914
8325,16387.115
8333,14445.617
8339,13842.65
8341,13352.236
8342,13576.805
8344,13144.313
8345,13120.759
8346,5486.5024
8347,4206.089
8348,4322.106
8349,6678.1226
8350,6081.6094
8351,12985.674
8352,15494.407
8355,12983.172
8358,13069.069
8362,13175.492
8364,13165.232
8365,13157.351
8366,4857.7197
8367,4118.6753
8368,4401.0903
8369,4516.3438
8370,5381.5596
8371,5381.5596
8372,4310.0137
8373,5381.5596
8374,5381.5596
8375,8348.626
8376,15554.475
8380,14415.404
8382,12526.57
8383,13316.087
8385,12944.572
8387,13013.514
8393,13630.295
8399,15292.202
8401,13117.996
8405,13014.123
8407,3455.5576
8408,5381.5596
8409,5381.5596
8410,5381.5596
8411,3487.9739
8412,13109.692
8415,13705.652
8421,12514.994
8424,7666.396
8430,8273.687
8435,10593.714
8441,53455.77
8452,9321.527
8462,17715.342
8472,13635.436
8475,12206.092
8476,12666.512
8478,16751.656
8484,17349.01
8487,15688.545
8491,15174.391
8495,15250.174
8497,13140.335
8501,13668.113
8505,12607.191
8507,13583.509
8510,13802.729
8514,15639.787
8522,16613.047
8527,19956.693
8531,16064.146
8533,12834.431
8535,5746.723
8536,13452.12
8538,12832.367
8540,9886.832
8541,12028.506
8542,13231.51
8543,5711.1167
8544,4140.06
8545,14707.28
8548,12727.445
8554,15642.432
8559,13097.141
8564,13031.355
8567,13752.288
8571,13755.768
8573,13590.48
8574,7746.2754
8575,4838.0664
8576,3988.2534
8577,5271.302
8578,4810.1333
8579,5381.5596
8580,4867.027
8581,13197.631
8584,13226.789
8586,12818.203
8588,13164.565
8591,8058.3667
8592,13281.804
8596,15939.762
8601,13989.832
8604,13177.209
8605,4875.53
8606,5381.5596
8607,5381.5596
8608,5381.5596
8609,12206.092
8610,10701.343
8614,14103.539
8618,12608.484
8621,13214.824
8628,11995.869
8636,13200.637
8643,15144.223
8650,16875.328
8656,12061.492
8658,6874.737
8663,13147.565
8672,13176.416
8676,5357.1826
8677,5381.5596
8678,5381.5596
8679,12206.092
8680,17401.568
8685,14249.046
8693,17481.072
8705,13441.77
8710,11816.623
8715,14817.382
8719,16685.064
8723,7096.8833
8724,5352.125
8725,13183.429
8726,11403.964
8730,13416.634
8734,11932.915
8738,13121.192
8742,14543.732
8746,16506.604
8751,13152.699
8754,13151.231
8757,13519.705
8758,14890.439
8760,13173.645
8761,15392.148
8767,13120.83
8772,13096.319
8775,13628.621
8776,6176.5376
8777,5500.015
8778,6007.0664
8779,13165.543
8781,13106.77
8784,13098.672
8788,12900.09
8792,13227.749
8796,13661.168
8800,15066.8955
8803,10100.938
8806,12947.65
8809,11259.482
8810,7661.662
8811,4437.4946
8812,5381.5596
8813,5209.3887
8814,4140.4395
8815,11912.995
8816,12956.001
8817,13103.877
8820,13341.609
8825,13244.025
8828,13260.361
8834,13093.965
8836,14539.111
8838,4277.1045
8839,5361.077
8840,5381.5596
8841,5381.5596
8842,12206.092
8843,10127.338
8845,14133.887
8849,16110.5
8854,5327.9478
8858,14643.092
8862,9977.857
8868,17560.723
8872,17584.299
8876,12206.092
8879,12837.224
8885,16953.127
8888,13307.811
8894,12955.771
8899,15777.398
8907,12206.092
8908,5381.5596
8909,5381.5596
8910,5381.5596
8911,8388.721
8912,13266.312
8933,13071.176
8948,16489.307
8955,13647.618
8962,15955.391
8967,17165.498
8972,15299.852
8974,16875.248
8976,4475.546
8977,4001.157
8978,5025.02
8979,4076.8557
8980,8329.172
8981,12206.092
8983,3573.4578
8986,4307.3345
8990,14216.59
8994,13208.174
8997,14400.262
9000,15783.977
9007,15015.678
9012,13294.854
9017,17190.432
9022,17548.734
9027,13128.174
9035,14053.961
9038,5150.3564
9039,5090.867
9040,6672.34
9041,13050.325
9042,13138.793
9043,13168.586
9044,13114.537
9047,13746.909
9051,14812.143
9057,12785.234
9061,16217.155
9065,17845.025
9068,16398.166
9069,13253.45
9070,13586.362
9071,4518.517
9072,4769.923
9073,4800.2417
9074,5381.5596
9075,3487.9739
9076,3453.3735
9077,13186.352
9080,13646.326
9091,12513.898
9102,12769.798
9106,5051.971
9107,4727.5903
9108,4035.0876
9109,4808.1895
9110,5381.5596
9111,12434.648
9112,14151.859
9117,12762.537
9122,11974.543
9127,13069.375
9132,12914.048
9137,11652.456
9141,19391.52
9145,4669.6235
9148,4217.8906
9153,17716.16
9159,18249.375
9165,11256.024
9169,16051.454
9175,15687.16
9185,8723.686
9188,5381.5596
9189,5381.5596
9190,5381.5596
9191,5381.5596
9192,13087.518
9193,12462.594
9199,13032.453
9203,12624.916
9205,16766.752
9207,17202.227
9210,15235.121
9212,15627.737
9218,15906.851
9223,16435.162
9227,15468.8955
9233,13197.213
9236,14952.607
9239,15295.097
9241,11391.981
9245,16774.191
9250,15964.471
9256,14486.523
9264,13482.72
9268,13884.03
9275,12329.956
9276,12573.23
9277,15225.109
9278,4764.389
9279,4728.9062
9280,13029.272
9282,13070.752
9286,12869.984
9291,13351.168
9296,13146.885
9301,13439.2705
9305,13638.8545
9306,13620.915
9307,11747.661
9308,4390.761
9309,4799.772
9310,5381.5596
9311,5192.244
9312,5381.5596
9313,5381.5596
9314,12558.447
9315,10303.831
9319,11993.962
9324,11573.211
9325,5369.0586
9326,5381.5596
9327,5317.7437
9328,4165.4717
9329,9194.792
9331,16376.512
9336,17756.113
9343,6378.666
9347,10740.565
9351,14307.213
9356,12879.205
9361,15035.029
9364,13485.828
9370,3813.5051
9374,16500.387
9379,25540.744
9384,13827.602
9389,16680.041
9394,16751.904
9398,12197.652
9404,13463.754
9406,13265.916
9408,4733.0513
9409,12781.465
9410,12986.945
9411,12968.74
9412,4023.631
9413,4748.3667
9414,4194.664
9415,16430.588
9417,16645.951
9421,16954.875
9425,17961.47
9429,19508.062
9430,13202.82
9431,15016.012
9433,16834.936
9437,18767.943
9440,21814.861
9444,9181.948
9447,11082.873
9448,13743.35
9452,14757.272
9456,13085.507
9461,13356.186
9467,13818.527
9474,16637.764
9479,15039.408
9485,11337.502
9486,13082.105
9488,12986.348
9490,13053.374
9492,13025.855
9493,13095.793
9494,12366.596
9495,4556.0337
9496,5018.0215
9497,4395.804
9498,4384.132
9499,5376.299
9500,5381.5596
9501,5381.5596
9502,12652.237
9504,4982.417
9505,5381.5596
9506,5381.5596
9507,5381.5596
9508,5318.071
9509,13151.487
9511,12785.686
9516,17087.209
9523,17077.38
9530,17078.969
9535,13081.3955
9543,14772.882
9550,12291.608
9553,17320.639
9555,26054.516
9560,14781.952
9567,15176.588
9572,12608.731
9575,15659.892
9578,20908.434
9584,18682.88
9588,16509.322
9591,12981.327
9593,12699.819
9594,19401.006
9595,15891.563
9597,15871.262
9602,13609.407
9603,17145.674
9604,13089.028
9608,13677.964
9611,12649.866
9613,13753.951
9615,13815.706
9617,13177.222
9621,14618.701
9626,14537.713
9630,13901.441
9631,15736.246
9632,15627.862
9635,15177.053
9640,11205.023
9646,11381.033
9650,12952.795
9651,12496.439
9652,12206.092
9653,4082.5613
9654,5331.2373
9655,4743.5293
9656,6831.3774
9657,4118.1895
9658,4126.5728
9659,4406.5747
9660,5381.5596
9661,5381.5596
9662,5381.5596
9663,5713.8203
9665,13059.623
9668,13145.823
9671,12758.244
9680,12578.934
9685,9854.43
9690,9446.021
9695,13047.91
9700,13223.616
9705,13197.288
9708,14263.793
9712,13587.495
9715,15329.677
9721,10757.038
9725,17771.229
9729,3487.9739
9732,12120.242
9737,13205.797
9742,13074.65
9745,16524.762
9749,16931.654
9754,17597.447
9759,21588.287
9764,13140.147
9766,5381.5596
9767,21998.896
9777,13133.326
9778,11880.422
9779,12865.461
9782,13986.68
9785,13595.777
9789,12896.629
9791,11742.913
9795,12892.814
9796,4028.3013
9797,5205.707
9798,4290.736
9799,14532.86
9800,9248.873
9802,10627.612
9804,12340.866
9807,12439.461
9809,13181.263
9810,12462.397
9811,4136.3037
9812,10918.524
9813,4569.848
9814,5381.5596
9815,3931.3533
9816,5116.05
9817,5381.5596
9818,4269.6772
9819,5381.5596
9820,5381.5596
9821,5381.5596
9822,9792.979
9824,15420.796
9830,15491.147
9836,12771.869
9844,11644.947
9850,13230.73
9856,13258.754
9863,12209.637
9867,15095.586
9874,4329.1123
9880,10290.316
9884,15138.779
9892,6169.338
9900,13310.445
9904,13048.866
9910,14415.466
9914,3453.3723
9915,12009.082
9919,12061.492
9922,13369.484
9926,13146.641
9930,13458.936
9933,13411.82
9936,13389.206
9939,13182.724
9940,17870.674
9941,15810.247
9944,9397.436
9945,10637.098
9946,14667.847
9949,13313.953
9957,13530.269
9960,13310.801
9961,11928.129
9962,13964.62
9963,13546.9795
9964,6363.1343
9965,4929.772
9966,11019.249
9967,3988.2134
9968,6327.1777
9969,9420.356
9970,13004.139
9972,8624.006
9973,3633.5586
9974,12421.582
9975,13025.666
9976,7741.574
9977,5050.642
9978,5381.5596
9979,5381.5596
9980,4045.3398
9981,4698.3486
9982,5381.5596
9983,5381.5596
9984,5381.5596
9985,5381.5596
9986,3487.6064
9987,13596.4375
9989,13421.035
9991,13481.965
9997,13182.82
10003,12749.996
10011,6162.492
10019,9774.519
10027,10152.809
10031,14180.633
10034,13736.891
10040,17029.871
10045,13208.59
10053,11341.7705
10061,12631.514
10066,17560.963
10069,13319.654
10073,13190.693
10077,9284.804
10085,7458.132
10091,12297.725
10099,14478.344
10106,13189.449
10112,13975.424
10114,13690.752
10117,8329.172
10120,11922.049
10122,12659.345
10124,11963.357
10128,13126.328
10130,10580.589
10131,4228.3203
10132,13311.313
10133,13019.805
10135,13275.145
10136,4973.65
10137,5381.5596
10138,5381.5596
10139,5559.189
10140,4282.612
10141,4262.046
10143,13919.775
10145,13003.345
10147,13052.208
10149,12900.63
10151,13179.029
10153,13937.098
10154,13087.963
10155,5381.5596
10156,5381.5596
10157,5381.5596
10158,5381.5596
10159,3487.9739
10160,11929.998
10163,13095.775
10168,12147.72
10171,12275.6875
10176,12610.707
10182,13124.287
10192,12779.199
10198,12772.264
10204,15794.215
10208,12766.782
10212,14168.911
10216,12966.191
10219,13334.041
10228,13514.492
10232,13364.537
10237,12696.62
10244,11850.22
10248,12992.907
10255,13219.211
10262,13004.054
10267,15930.219
10272,13277.038
10276,13556.592
10281,13157.2705
10284,14322.389
10287,13792.298
10291,12143.816
10293,12855.605
10298,13102.52
10304,4204.9097
10305,4798.6675
10306,12940.381
10307,13213.115
10308,5430.8804
10309,5430.8804
10310,5381.5596
10311,4426.8325
10312,3502.762
10313,3870.3533
10317,11779.921
10319,13141.586
10321,13049.248
10322,12785.468
10324,14179.101
10325,18130.246
10326,5381.5596
10327,5381.5596
10328,5381.5596
10329,5381.5596
10330,3487.9739
10331,3487.9739
10332,9365.577
10334,13532.459
10338,13079.727
10343,12121.484
10347,12704.027
10352,12855.174
10356,10238.393
10363,14416.484
10368,15726.537
10374,16084.688
10378,5381.5596
10379,3487.9739
10380,14270.621
10386,17028.44
10392,12283.061
10397,10497.362
10402,12260.916
10411,12742.295
10415,12247.412
10420,12615.803
10422,13002.803
10423,4314.4854
10425,10265.775
10427,3994.6323
10428,7777.275
10429,4366.158
10430,6195.425
10431,12364.855
10432,13192.107
10433,9861.807
10434,4081.704
10435,6437.0264
10436,4413.779
10437,4321.6987
10438,6272.82
10439,5063.6655
10440,5381.5596
10441,4923.5933
10442,4142.259
10443,4035.168
10444,12934.025
10446,14887.256
10447,16939.756
10448,8329.172
10449,5381.5596
10450,5381.5596
10451,5381.5596
10452,12206.092
10453,12366.645
10455,5155.8115
10456,13527.286
10459,13170.5625
10464,12536.695
10470,13003.251
10474,8344.302
10475,8329.172
10476,15076.8545
10479,11896.604
10485,16948.225
10499,11146.81
10501,5381.5596
10502,5381.5596
10503,8339.6045
10504,6299.5063
10507,12920.529
10510,13111.916
10519,12836.632
10530,6182.657
10543,12933.957
10552,8894.18
10553,4282.392
10554,12973.855
10556,4833.919
10557,6621.594
10558,6025.756
10559,5381.5596
10560,4405.4526
10561,5416.269
10562,5381.5596
10563,4925.0347
10564,4942.1353
10565,5381.5596
10566,5381.5596
10567,5381.5596
10568,5381.5596
10569,12239.351
10571,5486.0996
10574,12822.945
10576,12297.374
10582,15890.04
10588,13374.369
10595,13320.291
10602,12872.447
10605,8329.172
10606,5381.5596
10607,9106.892
10609,14738.747
10612,17134.197
10625,13971.851
10629,5360.8447
10630,5381.5596
10631,5381.5596
10632,3992.9653
10633,4089.202
10634,14410.278
10638,4576.6187
10645,12844.951
10653,13736.375
10665,12317.151
10667,4686.5376
10668,5381.5596
10669,5381.5596
10670,5559.189
10671,5381.5596
10672,5381.5596
10673,6891.904
10674,8329.172
10675,5381.5596
10676,5381.5596
10677,5381.5596
10678,8329.172
10679,8058.3667
10681,13050.301
10685,14263.074
10687,12983.656
10691,13159.26
10693,13121.1
10701,14209.587
10707,12020.472
10711,8329.172
10712,8329.172
10713,8538.109
10714,9240.335
10717,12274.102
10724,17410.283
10734,16450.146
10738,16570.898
10746,5003.8237
10747,5381.5596
10748,4141.635
10749,15092.664
10753,15823.244
10760,13348.382
10762,4494.1606
10763,4663.0933
10764,5381.5596
10765,5381.5596
10766,5381.5596
10767,5381.5596
10768,5381.5596
10769,5381.5596
10770,5381.5596
10771,5307.4463
10772,5381.5596
10773,8329.172
10774,8329.172
10775,12378.79
10778,12935.686
10780,13137.763
10783,13121.2
10786,13187.701
10790,13112.7705
10793,12397.475
10796,12206.092
10798,8329.172
10799,8329.172
10800,10979.823
10802,14120.681
10805,12227.538
10810,18551.977
10816,13889.815
10821,12945.262
10823,5381.5596
10824,5381.5596
10825,7967.8594
10826,13547.883
10834,13240.402
10839,10349.59
10840,4429.647
10841,4812.3877
10842,5381.5596
10843,5381.5596
10844,5381.5596
10845,5381.5596
10846,4058.6077
10847,4428.056
10848,12763.179
10852,13253.206
10857,13540.303
10860,12929.291
10862,12206.092
10864,12751.084
10866,13127.418
10868,13004.4375
10871,12856.898
10874,8329.172
10875,8329.172
10876,8329.172
10877,13814.723
10881,13320.803
10886,12320.869
10898,15532.383
10902,5381.5596
10903,5381.5596
10904,4870.457
10905,12806.965
10907,14315.723
10908,5381.5596
10909,5381.5596
10910,5381.5596
10911,5381.5596
10912,5381.5596
10913,5381.5596
10914,5381.5596
10915,4572.9443
10916,13148.42
10919,12867.4795
10922,12527.271
10924,13537.93
10927,13024.626
10929,13238.899
10931,13122.436
10932,13037.531
10934,13587.412
10935,8329.172
10936,5381.5596
10937,3487.9739
10939,13232.805
10944,13120.17
10949,11874.553
10959,17828.611
10966,13336.101
10968,5381.5596
10969,5381.5596
10970,14759.001
10971,4644.0093
10972,5381.5596
10973,5381.5596
10974,5381.5596
10975,5381.5596
10976,5381.5596
10977,5381.5596
10978,5206.9116
10979,4007.5925
10980,13598.757
10981,13317.477
10982,13600.148
10983,13280.384
10986,13314.725
10988,13210.878
10990,12827.468
10992,9043.631
10993,8329.172
10994,5381.5596
10995,5381.5596
10996,12835.289
10999,12894.614
11004,5353.9673
11009,16444.682
11015,12738.083
11017,5381.5596
11018,5381.5596
11019,5381.5596
11020,5381.5596
11021,4470.638
11022,4797.4326
11023,6232.779
11024,4272.674
11025,13243.609
11026,12035.697
11028,13069.521
11030,13193.002
11032,8448.962
11033,8329.172
11034,5381.5596
11035,12924.391
11038,32798.23
11041,8230.465
11046,10405.72
11051,13207.999
11052,4539.534
11053,5381.5596
11054,5381.5596
11055,5381.5596
11056,4094.8425
11057,12024.398
11058,4910.514
11059,4135.2603
11060,12098.521
11061,4813.654
11062,12990.171
11064,13142.442
11065,8723.221
11066,5381.5596
11067,4951.505
11068,12204.465
11072,7168.407
11076,6723.5645
11077,5381.5596
11078,5381.5596
11079,5381.5596
11080,5381.5596
11081,5087.8765
11082,12225.48
11083,4100.8394
11084,6784.8813
11085,4538.507
11086,4370.161
11087,5234.5996
11088,3946.3638
11089,5365.916
11090,5381.5596
11091,5381.5596
11092,12580.983
11094,13241.959
11096,5381.5596
11097,5381.5596
11098,5381.5596
11099,4545.7563
11100,5621.7544
11101,5785.619
11102,4616.955
11103,4087.6233
11104,5377.8354
11105,5381.5596
11106,5381.5596
11107,4303.689
11108,4581.9126
11109,5381.5596
11110,5381.5596
11111,5381.5596
11112,5381.5596
11113,5349.619
11114,7030.0835
11115,7396.0845
11116,4065.0618
11117,4308.447
11118,4821.476
11119,5381.5596
11120,5381.5596
11121,5381.5596
11122,4620.863
11123,4505.717
11124,5381.5596
11125,5381.5596
11126,5376.019
11127,4774.2583
11128,9215.266
11129,4953.125
11130,5559.189
11131,5655.1084
11132,5381.5596
11133,5381.5596
11134,5381.5596
11135,5219.72
11136,4035.256
11137,5381.5596
11138,4475.1606
11139,8291.069
11140,4037.652
11141,5784.479
11142,4047.9033
11143,5381.5596
11144,5221.7915
11145,4149.3784
11146,4034.9731
11147,5381.5596
11148,5381.5596
11149,4245.5767
11150,5381.5596
11151,4588.741
11152,4044.979
11153,4062.2742
11154,3964.406
11155,5182.6714
11156,5193.997
11157,4237.5083
